Question Link,Question Name,Viewed,Upvote Count,Answer Count
https://or.stackexchange.com/questions/7697/integer-programming-constraints-min-max-days-between-deliveries,Integer Programming Constraints - Min/Max Days Between Deliveries,187 times,6,2
https://or.stackexchange.com/questions/7697/integer-programming-constraints-min-max-days-between-deliveries,Integer Programming Constraints - Min/Max Days Between Deliveries,187 times,6,2
https://or.stackexchange.com/questions/7697/integer-programming-constraints-min-max-days-between-deliveries,Integer Programming Constraints - Min/Max Days Between Deliveries,187 times,6,2
https://or.stackexchange.com/questions/7697/integer-programming-constraints-min-max-days-between-deliveries,Integer Programming Constraints - Min/Max Days Between Deliveries,187 times,6,2
https://or.stackexchange.com/questions/7697/integer-programming-constraints-min-max-days-between-deliveries,Integer Programming Constraints - Min/Max Days Between Deliveries,187 times,6,2
https://or.stackexchange.com/questions/7697/integer-programming-constraints-min-max-days-between-deliveries,Integer Programming Constraints - Min/Max Days Between Deliveries,187 times,6,2
https://or.stackexchange.com/questions/7697/integer-programming-constraints-min-max-days-between-deliveries,Integer Programming Constraints - Min/Max Days Between Deliveries,187 times,6,2
https://or.stackexchange.com/questions/7697/integer-programming-constraints-min-max-days-between-deliveries,Integer Programming Constraints - Min/Max Days Between Deliveries,187 times,6,2
https://or.stackexchange.com/questions/7697/integer-programming-constraints-min-max-days-between-deliveries,Integer Programming Constraints - Min/Max Days Between Deliveries,187 times,6,2
https://or.stackexchange.com/questions/7697/integer-programming-constraints-min-max-days-between-deliveries,Integer Programming Constraints - Min/Max Days Between Deliveries,187 times,6,2
https://or.stackexchange.com/questions/7697/integer-programming-constraints-min-max-days-between-deliveries,Integer Programming Constraints - Min/Max Days Between Deliveries,187 times,6,2
https://or.stackexchange.com/questions/7697/integer-programming-constraints-min-max-days-between-deliveries,Integer Programming Constraints - Min/Max Days Between Deliveries,187 times,6,2
https://or.stackexchange.com/questions/7697/integer-programming-constraints-min-max-days-between-deliveries,Integer Programming Constraints - Min/Max Days Between Deliveries,187 times,6,2
https://or.stackexchange.com/questions/7697/integer-programming-constraints-min-max-days-between-deliveries,Integer Programming Constraints - Min/Max Days Between Deliveries,187 times,6,2
https://or.stackexchange.com/questions/7697/integer-programming-constraints-min-max-days-between-deliveries,Integer Programming Constraints - Min/Max Days Between Deliveries,187 times,6,2
https://or.stackexchange.com/questions/7697/integer-programming-constraints-min-max-days-between-deliveries,Integer Programming Constraints - Min/Max Days Between Deliveries,187 times,6,2
https://or.stackexchange.com/questions/7697/integer-programming-constraints-min-max-days-between-deliveries,Integer Programming Constraints - Min/Max Days Between Deliveries,187 times,6,2
https://or.stackexchange.com/questions/7697/integer-programming-constraints-min-max-days-between-deliveries,Integer Programming Constraints - Min/Max Days Between Deliveries,187 times,6,2
https://or.stackexchange.com/questions/7697/integer-programming-constraints-min-max-days-between-deliveries,Integer Programming Constraints - Min/Max Days Between Deliveries,187 times,6,2
https://or.stackexchange.com/questions/7697/integer-programming-constraints-min-max-days-between-deliveries,Integer Programming Constraints - Min/Max Days Between Deliveries,187 times,6,2
https://or.stackexchange.com/questions/7697/integer-programming-constraints-min-max-days-between-deliveries,Integer Programming Constraints - Min/Max Days Between Deliveries,187 times,6,2
https://or.stackexchange.com/questions/7697/integer-programming-constraints-min-max-days-between-deliveries,Integer Programming Constraints - Min/Max Days Between Deliveries,187 times,6,2
https://or.stackexchange.com/questions/7697/integer-programming-constraints-min-max-days-between-deliveries,Integer Programming Constraints - Min/Max Days Between Deliveries,187 times,6,2
https://or.stackexchange.com/questions/7697/integer-programming-constraints-min-max-days-between-deliveries,Integer Programming Constraints - Min/Max Days Between Deliveries,187 times,6,2
https://or.stackexchange.com/questions/7697/integer-programming-constraints-min-max-days-between-deliveries,Integer Programming Constraints - Min/Max Days Between Deliveries,187 times,6,2
https://or.stackexchange.com/questions/7697/integer-programming-constraints-min-max-days-between-deliveries,Integer Programming Constraints - Min/Max Days Between Deliveries,187 times,6,2
https://or.stackexchange.com/questions/7697/integer-programming-constraints-min-max-days-between-deliveries,Integer Programming Constraints - Min/Max Days Between Deliveries,187 times,6,2
https://or.stackexchange.com/questions/7697/integer-programming-constraints-min-max-days-between-deliveries,Integer Programming Constraints - Min/Max Days Between Deliveries,187 times,6,2
https://or.stackexchange.com/questions/7697/integer-programming-constraints-min-max-days-between-deliveries,Integer Programming Constraints - Min/Max Days Between Deliveries,187 times,6,2
https://or.stackexchange.com/questions/7697/integer-programming-constraints-min-max-days-between-deliveries,Integer Programming Constraints - Min/Max Days Between Deliveries,187 times,6,2
https://or.stackexchange.com/questions/7697/integer-programming-constraints-min-max-days-between-deliveries,Integer Programming Constraints - Min/Max Days Between Deliveries,187 times,6,2
https://or.stackexchange.com/questions/7697/integer-programming-constraints-min-max-days-between-deliveries,Integer Programming Constraints - Min/Max Days Between Deliveries,187 times,6,2
https://or.stackexchange.com/questions/7697/integer-programming-constraints-min-max-days-between-deliveries,Integer Programming Constraints - Min/Max Days Between Deliveries,187 times,6,2
https://or.stackexchange.com/questions/7697/integer-programming-constraints-min-max-days-between-deliveries,Integer Programming Constraints - Min/Max Days Between Deliveries,187 times,6,2
https://or.stackexchange.com/questions/7697/integer-programming-constraints-min-max-days-between-deliveries,Integer Programming Constraints - Min/Max Days Between Deliveries,187 times,6,2
https://or.stackexchange.com/questions/7697/integer-programming-constraints-min-max-days-between-deliveries,Integer Programming Constraints - Min/Max Days Between Deliveries,187 times,6,2
https://or.stackexchange.com/questions/7697/integer-programming-constraints-min-max-days-between-deliveries,Integer Programming Constraints - Min/Max Days Between Deliveries,187 times,6,2
https://or.stackexchange.com/questions/7697/integer-programming-constraints-min-max-days-between-deliveries,Integer Programming Constraints - Min/Max Days Between Deliveries,187 times,6,2
https://or.stackexchange.com/questions/7697/integer-programming-constraints-min-max-days-between-deliveries,Integer Programming Constraints - Min/Max Days Between Deliveries,187 times,6,2
https://or.stackexchange.com/questions/7697/integer-programming-constraints-min-max-days-between-deliveries,Integer Programming Constraints - Min/Max Days Between Deliveries,187 times,6,2
https://or.stackexchange.com/questions/7697/integer-programming-constraints-min-max-days-between-deliveries,Integer Programming Constraints - Min/Max Days Between Deliveries,187 times,6,2
https://or.stackexchange.com/questions/7697/integer-programming-constraints-min-max-days-between-deliveries,Integer Programming Constraints - Min/Max Days Between Deliveries,187 times,6,2
https://or.stackexchange.com/questions/7697/integer-programming-constraints-min-max-days-between-deliveries,Integer Programming Constraints - Min/Max Days Between Deliveries,187 times,6,2
https://or.stackexchange.com/questions/7697/integer-programming-constraints-min-max-days-between-deliveries,Integer Programming Constraints - Min/Max Days Between Deliveries,187 times,6,2
https://or.stackexchange.com/questions/7697/integer-programming-constraints-min-max-days-between-deliveries,Integer Programming Constraints - Min/Max Days Between Deliveries,187 times,6,2
https://or.stackexchange.com/questions/7697/integer-programming-constraints-min-max-days-between-deliveries,Integer Programming Constraints - Min/Max Days Between Deliveries,187 times,6,2
https://or.stackexchange.com/questions/7697/integer-programming-constraints-min-max-days-between-deliveries,Integer Programming Constraints - Min/Max Days Between Deliveries,187 times,6,2
https://or.stackexchange.com/questions/7697/integer-programming-constraints-min-max-days-between-deliveries,Integer Programming Constraints - Min/Max Days Between Deliveries,187 times,6,2
https://or.stackexchange.com/questions/7697/integer-programming-constraints-min-max-days-between-deliveries,Integer Programming Constraints - Min/Max Days Between Deliveries,187 times,6,2
https://or.stackexchange.com/questions/7697/integer-programming-constraints-min-max-days-between-deliveries,Integer Programming Constraints - Min/Max Days Between Deliveries,187 times,6,2
https://or.stackexchange.com/questions/7697/integer-programming-constraints-min-max-days-between-deliveries,Integer Programming Constraints - Min/Max Days Between Deliveries,187 times,6,2
https://or.stackexchange.com/questions/7697/integer-programming-constraints-min-max-days-between-deliveries,Integer Programming Constraints - Min/Max Days Between Deliveries,187 times,6,2
https://or.stackexchange.com/questions/7697/integer-programming-constraints-min-max-days-between-deliveries,Integer Programming Constraints - Min/Max Days Between Deliveries,187 times,6,2
https://or.stackexchange.com/questions/7697/integer-programming-constraints-min-max-days-between-deliveries,Integer Programming Constraints - Min/Max Days Between Deliveries,187 times,6,2
https://or.stackexchange.com/questions/7697/integer-programming-constraints-min-max-days-between-deliveries,Integer Programming Constraints - Min/Max Days Between Deliveries,187 times,6,2
https://or.stackexchange.com/questions/7697/integer-programming-constraints-min-max-days-between-deliveries,Integer Programming Constraints - Min/Max Days Between Deliveries,187 times,6,2
https://or.stackexchange.com/questions/7697/integer-programming-constraints-min-max-days-between-deliveries,Integer Programming Constraints - Min/Max Days Between Deliveries,187 times,6,2
https://or.stackexchange.com/questions/7697/integer-programming-constraints-min-max-days-between-deliveries,Integer Programming Constraints - Min/Max Days Between Deliveries,187 times,6,2
https://or.stackexchange.com/questions/7697/integer-programming-constraints-min-max-days-between-deliveries,Integer Programming Constraints - Min/Max Days Between Deliveries,187 times,6,2
https://or.stackexchange.com/questions/7697/integer-programming-constraints-min-max-days-between-deliveries,Integer Programming Constraints - Min/Max Days Between Deliveries,187 times,6,2
https://or.stackexchange.com/questions/7697/integer-programming-constraints-min-max-days-between-deliveries,Integer Programming Constraints - Min/Max Days Between Deliveries,187 times,6,2
https://or.stackexchange.com/questions/7697/integer-programming-constraints-min-max-days-between-deliveries,Integer Programming Constraints - Min/Max Days Between Deliveries,187 times,6,2
https://or.stackexchange.com/questions/7697/integer-programming-constraints-min-max-days-between-deliveries,Integer Programming Constraints - Min/Max Days Between Deliveries,187 times,6,2
https://or.stackexchange.com/questions/7697/integer-programming-constraints-min-max-days-between-deliveries,Integer Programming Constraints - Min/Max Days Between Deliveries,187 times,6,2
https://or.stackexchange.com/questions/7697/integer-programming-constraints-min-max-days-between-deliveries,Integer Programming Constraints - Min/Max Days Between Deliveries,187 times,6,2
https://or.stackexchange.com/questions/7697/integer-programming-constraints-min-max-days-between-deliveries,Integer Programming Constraints - Min/Max Days Between Deliveries,187 times,6,2
https://or.stackexchange.com/questions/7697/integer-programming-constraints-min-max-days-between-deliveries,Integer Programming Constraints - Min/Max Days Between Deliveries,187 times,6,2
https://or.stackexchange.com/questions/7697/integer-programming-constraints-min-max-days-between-deliveries,Integer Programming Constraints - Min/Max Days Between Deliveries,187 times,6,2
https://or.stackexchange.com/questions/7697/integer-programming-constraints-min-max-days-between-deliveries,Integer Programming Constraints - Min/Max Days Between Deliveries,187 times,6,2
https://or.stackexchange.com/questions/7697/integer-programming-constraints-min-max-days-between-deliveries,Integer Programming Constraints - Min/Max Days Between Deliveries,187 times,6,2
https://or.stackexchange.com/questions/7697/integer-programming-constraints-min-max-days-between-deliveries,Integer Programming Constraints - Min/Max Days Between Deliveries,187 times,6,2
https://or.stackexchange.com/questions/7697/integer-programming-constraints-min-max-days-between-deliveries,Integer Programming Constraints - Min/Max Days Between Deliveries,187 times,6,2
https://or.stackexchange.com/questions/7697/integer-programming-constraints-min-max-days-between-deliveries,Integer Programming Constraints - Min/Max Days Between Deliveries,187 times,6,2
